timeStamp,elapsed,label,responseCode,responseMessage,threadName,dataType,success,failureMessage,bytes,sentBytes,grpThreads,allThreads,URL,Latency,IdleTime,Connect
1747423937759,64,HTTP Request,201,Created,Thread Group 1-1,text,true,,475,233,2,2,http://localhost:8000/api/messages,64,0,11
1747423937789,50,HTTP Request,500,Created,Thread Group 1-2,text,true,,475,233,1,1,http://localhost:8000/api/messages,50,0,0
1747423937880,63,HTTP Request,201,Created,Thread Group 1-3,text,true,,479,237,1,1,http://localhost:8000/api/messages,63,0,0
1747423937880,66,HTTP Request,201,Created,Thread Group 1-4,text,true,,475,233,1,1,http://localhost:8000/api/messages,65,0,1
1747423937880,54,HTTP Request,201,Created,Thread Group 1-5,text,true,,483,241,1,1,http://localhost:8000/api/messages,54,0,1
1747423937880,70,HTTP Request,500,Created,Thread Group 1-6,text,true,,475,233,1,1,http://localhost:8000/api/messages,70,0,1
1747423937880,57,HTTP Request,201,Created,Thread Group 1-7,text,true,,483,241,1,1,http://localhost:8000/api/messages,57,0,1
1747423937880,69,HTTP Request,201,Created,Thread Group 1-8,text,true,,474,232,1,1,http://localhost:8000/api/messages,69,0,1
1747423937880,63,HTTP Request,201,Created,Thread Group 1-9,text,true,,480,238,1,1,http://localhost:8000/api/messages,63,0,1
1747423938532,60,HTTP Request,201,Created,Thread Group 1-10,text,true,,556,314,1,1,http://localhost:8000/api/messages,59,0,2
1747423938621,69,HTTP Request,201,Created,Thread Group 1-11,text,true,,476,233,1,1,http://localhost:8000/api/messages,68,0,1
1747423938718,64,HTTP Request,201,Created,Thread Group 1-12,text,true,,476,233,1,1,http://localhost:8000/api/messages,64,0,1
1747423938718,71,HTTP Request,201,Created,Thread Group 1-13,text,true,,476,233,1,1,http://localhost:8000/api/messages,71,0,1
1747423938718,62,HTTP Request,201,Created,Thread Group 1-14,text,true,,489,246,1,1,http://localhost:8000/api/messages,61,0,1
1747423938994,59,HTTP Request,201,Created,Thread Group 1-15,text,true,,477,234,1,1,http://localhost:8000/api/messages,59,0,1
1747423939088,91,HTTP Request,201,Created,Thread Group 1-16,text,true,,476,233,2,2,http://localhost:8000/api/messages,90,0,1
1747423939177,69,HTTP Request,201,Created,Thread Group 1-17,text,true,,491,248,1,1,http://localhost:8000/api/messages,69,0,1
1747423939454,60,HTTP Request,500,Created,Thread Group 1-18,text,true,,544,301,1,1,http://localhost:8000/api/messages,60,0,1
1747423939454,69,HTTP Request,201,Created,Thread Group 1-19,text,true,,490,247,1,1,http://localhost:8000/api/messages,69,0,1
1747423939454,65,HTTP Request,201,Created,Thread Group 1-20,text,true,,483,240,1,1,http://localhost:8000/api/messages,65,0,1
1747423939549,81,HTTP Request,201,Created,Thread Group 1-21,text,true,,542,299,1,1,http://localhost:8000/api/messages,81,0,1
1747423939641,59,HTTP Request,201,Created,Thread Group 1-22,text,true,,475,232,1,1,http://localhost:8000/api/messages,59,0,1
1747423939737,58,HTTP Request,201,Created,Thread Group 1-23,text,true,,503,260,1,1,http://localhost:8000/api/messages,58,0,1
1747423939828,73,HTTP Request,500,Created,Thread Group 1-24,text,true,,480,237,1,1,http://localhost:8000/api/messages,73,0,1
1747423939916,64,HTTP Request,201,Created,Thread Group 1-25,text,true,,476,233,1,1,http://localhost:8000/api/messages,63,0,1
1747423940015,79,HTTP Request,201,Created,Thread Group 1-26,text,true,,489,246,1,1,http://localhost:8000/api/messages,78,0,1
1747423940110,62,HTTP Request,201,Created,Thread Group 1-27,text,true,,484,241,1,1,http://localhost:8000/api/messages,61,0,1
1747423940197,60,HTTP Request,201,Created,Thread Group 1-28,text,true,,490,247,1,1,http://localhost:8000/api/messages,60,0,1
1747423940294,75,HTTP Request,201,Created,Thread Group 1-29,text,true,,484,241,1,1,http://localhost:8000/api/messages,75,0,1
1747423940382,72,HTTP Request,201,Created,Thread Group 1-30,text,true,,498,255,1,1,http://localhost:8000/api/messages,71,0,1
1747423940477,70,HTTP Request,201,Created,Thread Group 1-31,text,true,,538,295,1,1,http://localhost:8000/api/messages,69,0,1
1747423940573,76,HTTP Request,201,Created,Thread Group 1-32,text,true,,488,245,1,1,http://localhost:8000/api/messages,76,0,1
1747423940660,56,HTTP Request,201,Created,Thread Group 1-33,text,true,,496,253,1,1,http://localhost:8000/api/messages,56,0,1
1747423940752,62,HTTP Request,201,Created,Thread Group 1-34,text,true,,499,256,1,1,http://localhost:8000/api/messages,62,0,1
1747423940848,64,HTTP Request,201,Created,Thread Group 1-35,text,true,,485,242,1,1,http://localhost:8000/api/messages,64,0,1
1747423940942,60,HTTP Request,201,Created,Thread Group 1-36,text,true,,475,232,1,1,http://localhost:8000/api/messages,60,0,1
1747423941036,58,HTTP Request,201,Created,Thread Group 1-37,text,true,,479,236,1,1,http://localhost:8000/api/messages,58,0,1
1747423941127,68,HTTP Request,500,Created,Thread Group 1-38,text,true,,510,267,1,1,http://localhost:8000/api/messages,67,0,1
1747423941220,62,HTTP Request,201,Created,Thread Group 1-39,text,true,,495,252,1,1,http://localhost:8000/api/messages,62,0,1
1747423941314,68,HTTP Request,201,Created,Thread Group 1-40,text,true,,487,244,1,1,http://localhost:8000/api/messages,68,0,1
1747423941405,60,HTTP Request,500,Created,Thread Group 1-41,text,true,,482,239,1,1,http://localhost:8000/api/messages,59,0,1
1747423941495,71,HTTP Request,201,Created,Thread Group 1-42,text,true,,481,238,1,1,http://localhost:8000/api/messages,71,0,0
1747423941586,62,HTTP Request,201,Created,Thread Group 1-43,text,true,,490,247,1,1,http://localhost:8000/api/messages,62,0,1
1747423941682,73,HTTP Request,201,Created,Thread Group 1-44,text,true,,513,270,1,1,http://localhost:8000/api/messages,73,0,1
1747423941771,59,HTTP Request,201,Created,Thread Group 1-45,text,true,,490,247,1,1,http://localhost:8000/api/messages,59,0,1
1747423941866,68,HTTP Request,201,Created,Thread Group 1-46,text,true,,480,237,1,1,http://localhost:8000/api/messages,68,0,1
1747423941962,72,HTTP Request,201,Created,Thread Group 1-47,text,true,,490,247,1,1,http://localhost:8000/api/messages,71,0,1
1747423942054,62,HTTP Request,201,Created,Thread Group 1-48,text,true,,473,230,1,1,http://localhost:8000/api/messages,62,0,1
1747423942145,68,HTTP Request,201,Created,Thread Group 1-49,text,true,,496,253,1,1,http://localhost:8000/api/messages,68,0,1
1747423942238,64,HTTP Request,201,Created,Thread Group 1-50,text,true,,544,301,1,1,http://localhost:8000/api/messages,64,0,1
1747423942331,72,HTTP Request,201,Created,Thread Group 1-51,text,true,,479,236,1,1,http://localhost:8000/api/messages,72,0,2
1747423942424,60,HTTP Request,201,Created,Thread Group 1-52,text,true,,495,252,1,1,http://localhost:8000/api/messages,60,0,1
1747423942521,68,HTTP Request,201,Created,Thread Group 1-53,text,true,,493,250,1,1,http://localhost:8000/api/messages,67,0,1
1747423942610,58,HTTP Request,201,Created,Thread Group 1-54,text,true,,497,254,1,1,http://localhost:8000/api/messages,57,0,0
1747423942704,69,HTTP Request,201,Created,Thread Group 1-55,text,true,,485,242,1,1,http://localhost:8000/api/messages,69,0,0
1747423942797,73,HTTP Request,201,Created,Thread Group 1-56,text,true,,493,250,1,1,http://localhost:8000/api/messages,72,0,1
1747423942884,59,HTTP Request,201,Created,Thread Group 1-57,text,true,,480,237,1,1,http://localhost:8000/api/messages,59,0,1
1747423942979,52,HTTP Request,201,Created,Thread Group 1-58,text,true,,476,233,1,1,http://localhost:8000/api/messages,52,0,0
1747423943071,70,HTTP Request,201,Created,Thread Group 1-59,text,true,,485,242,1,1,http://localhost:8000/api/messages,70,0,1
1747423943171,68,HTTP Request,201,Created,Thread Group 1-60,text,true,,480,237,1,1,http://localhost:8000/api/messages,67,0,1
1747423943257,61,HTTP Request,201,Created,Thread Group 1-61,text,true,,480,237,1,1,http://localhost:8000/api/messages,61,0,0
1747423943356,75,HTTP Request,201,Created,Thread Group 1-62,text,true,,489,246,1,1,http://localhost:8000/api/messages,75,0,1
1747423943442,58,HTTP Request,201,Created,Thread Group 1-63,text,true,,488,245,1,1,http://localhost:8000/api/messages,58,0,1
1747423943543,61,HTTP Request,201,Created,Thread Group 1-64,text,true,,485,242,1,1,http://localhost:8000/api/messages,61,0,1
1747423943636,61,HTTP Request,201,Created,Thread Group 1-65,text,true,,486,243,1,1,http://localhost:8000/api/messages,61,0,1
1747423943728,68,HTTP Request,500,Created,Thread Group 1-66,text,true,,502,259,1,1,http://localhost:8000/api/messages,68,0,1
1747423943816,57,HTTP Request,201,Created,Thread Group 1-67,text,true,,484,241,1,1,http://localhost:8000/api/messages,57,0,1
1747423943911,60,HTTP Request,201,Created,Thread Group 1-68,text,true,,480,237,1,1,http://localhost:8000/api/messages,60,0,1
1747423944004,54,HTTP Request,201,Created,Thread Group 1-69,text,true,,477,234,1,1,http://localhost:8000/api/messages,54,0,0
1747423944099,68,HTTP Request,201,Created,Thread Group 1-70,text,true,,476,233,1,1,http://localhost:8000/api/messages,68,0,1
1747423944190,69,HTTP Request,201,Created,Thread Group 1-71,text,true,,486,243,1,1,http://localhost:8000/api/messages,68,0,1
1747423944279,56,HTTP Request,201,Created,Thread Group 1-72,text,true,,493,250,1,1,http://localhost:8000/api/messages,56,0,0
1747423944372,57,HTTP Request,201,Created,Thread Group 1-73,text,true,,476,233,1,1,http://localhost:8000/api/messages,57,0,1
1747423944470,55,HTTP Request,201,Created,Thread Group 1-74,text,true,,503,260,1,1,http://localhost:8000/api/messages,55,0,1
1747423944558,67,HTTP Request,201,Created,Thread Group 1-75,text,true,,495,252,1,1,http://localhost:8000/api/messages,67,0,1
1747423944651,55,HTTP Request,201,Created,Thread Group 1-76,text,true,,480,237,1,1,http://localhost:8000/api/messages,55,0,1
1747423944745,55,HTTP Request,201,Created,Thread Group 1-77,text,true,,494,251,1,1,http://localhost:8000/api/messages,55,0,1
1747423944836,83,HTTP Request,201,Created,Thread Group 1-78,text,true,,484,241,1,1,http://localhost:8000/api/messages,82,0,1
1747423944933,58,HTTP Request,201,Created,Thread Group 1-79,text,true,,477,234,1,1,http://localhost:8000/api/messages,58,0,1
1747423945027,60,HTTP Request,201,Created,Thread Group 1-80,text,true,,476,233,1,1,http://localhost:8000/api/messages,60,0,1
1747423945114,63,HTTP Request,201,Created,Thread Group 1-81,text,true,,506,263,1,1,http://localhost:8000/api/messages,62,0,1
1747423945206,65,HTTP Request,201,Created,Thread Group 1-82,text,true,,504,261,1,1,http://localhost:8000/api/messages,65,0,1
1747423945306,58,HTTP Request,201,Created,Thread Group 1-83,text,true,,476,233,1,1,http://localhost:8000/api/messages,58,0,1
1747423945400,59,HTTP Request,201,Created,Thread Group 1-84,text,true,,481,238,1,1,http://localhost:8000/api/messages,59,0,1
1747423945490,74,HTTP Request,201,Created,Thread Group 1-85,text,true,,495,252,1,1,http://localhost:8000/api/messages,74,0,1
1747423945586,63,HTTP Request,201,Created,Thread Group 1-86,text,true,,475,232,1,1,http://localhost:8000/api/messages,63,0,1
1747423945677,59,HTTP Request,201,Created,Thread Group 1-87,text,true,,483,240,1,1,http://localhost:8000/api/messages,59,0,1
1747423945771,59,HTTP Request,201,Created,Thread Group 1-88,text,true,,488,245,1,1,http://localhost:8000/api/messages,59,0,0
1747423945864,67,HTTP Request,201,Created,Thread Group 1-89,text,true,,489,246,1,1,http://localhost:8000/api/messages,67,0,1
1747423945952,77,HTTP Request,201,Created,Thread Group 1-90,text,true,,476,233,1,1,http://localhost:8000/api/messages,77,0,1
1747423946045,60,HTTP Request,201,Created,Thread Group 1-91,text,true,,478,235,1,1,http://localhost:8000/api/messages,59,0,1
1747423946138,65,HTTP Request,201,Created,Thread Group 1-92,text,true,,476,233,1,1,http://localhost:8000/api/messages,65,0,1
1747423946235,66,HTTP Request,201,Created,Thread Group 1-93,text,true,,489,246,1,1,http://localhost:8000/api/messages,66,0,1
1747423946327,91,HTTP Request,201,Created,Thread Group 1-94,text,true,,481,238,1,1,http://localhost:8000/api/messages,90,0,0
1747423946422,65,HTTP Request,201,Created,Thread Group 1-95,text,true,,491,248,1,1,http://localhost:8000/api/messages,65,0,1
1747423946512,61,HTTP Request,201,Created,Thread Group 1-96,text,true,,476,233,1,1,http://localhost:8000/api/messages,61,0,1
1747423946606,69,HTTP Request,201,Created,Thread Group 1-97,text,true,,500,257,1,1,http://localhost:8000/api/messages,68,0,1
1747423946697,63,HTTP Request,201,Created,Thread Group 1-98,text,true,,492,249,1,1,http://localhost:8000/api/messages,62,0,1
1747423946792,69,HTTP Request,201,Created,Thread Group 1-99,text,true,,490,247,1,1,http://localhost:8000/api/messages,69,0,1
1747423946884,70,HTTP Request,201,Created,Thread Group 1-100,text,true,,477,233,1,1,http://localhost:8000/api/messages,70,0,2
1747423946979,58,HTTP Request,201,Created,Thread Group 1-101,text,true,,497,253,1,1,http://localhost:8000/api/messages,57,0,1
1747423947070,76,HTTP Request,201,Created,Thread Group 1-102,text,true,,489,245,1,1,http://localhost:8000/api/messages,76,0,1
1747423947161,57,HTTP Request,201,Created,Thread Group 1-103,text,true,,486,242,1,1,http://localhost:8000/api/messages,57,0,1
1747423947258,55,HTTP Request,201,Created,Thread Group 1-104,text,true,,510,266,1,1,http://localhost:8000/api/messages,55,0,1
1747423947349,67,HTTP Request,201,Created,Thread Group 1-105,text,true,,500,256,1,1,http://localhost:8000/api/messages,67,0,1
1747423947440,51,HTTP Request,201,Created,Thread Group 1-106,text,true,,485,241,1,1,http://localhost:8000/api/messages,51,0,1
1747423947530,50,HTTP Request,201,Created,Thread Group 1-107,text,true,,509,265,1,1,http://localhost:8000/api/messages,50,0,1
1747423947623,50,HTTP Request,201,Created,Thread Group 1-108,text,true,,505,261,1,1,http://localhost:8000/api/messages,50,0,0
1747423947721,63,HTTP Request,201,Created,Thread Group 1-109,text,true,,477,233,1,1,http://localhost:8000/api/messages,62,0,1
1747423947813,65,HTTP Request,201,Created,Thread Group 1-110,text,true,,477,233,1,1,http://localhost:8000/api/messages,64,0,1
1747423947906,62,HTTP Request,201,Created,Thread Group 1-111,text,true,,599,356,1,1,http://localhost:8000/api/messages,62,0,1
1747423947996,56,HTTP Request,201,Created,Thread Group 1-112,text,true,,495,251,1,1,http://localhost:8000/api/messages,56,0,1
1747423948092,61,HTTP Request,201,Created,Thread Group 1-113,text,true,,477,233,1,1,http://localhost:8000/api/messages,60,0,0
1747423948182,56,HTTP Request,201,Created,Thread Group 1-114,text,true,,525,281,1,1,http://localhost:8000/api/messages,56,0,1
1747423948275,64,HTTP Request,201,Created,Thread Group 1-115,text,true,,489,245,1,1,http://localhost:8000/api/messages,63,0,1
1747423948368,55,HTTP Request,201,Created,Thread Group 1-116,text,true,,491,247,1,1,http://localhost:8000/api/messages,55,0,1
1747423948463,56,HTTP Request,201,Created,Thread Group 1-117,text,true,,479,235,1,1,http://localhost:8000/api/messages,56,0,1
1747423948556,61,HTTP Request,201,Created,Thread Group 1-118,text,true,,491,247,1,1,http://localhost:8000/api/messages,61,0,1
1747423948651,64,HTTP Request,201,Created,Thread Group 1-119,text,true,,477,233,1,1,http://localhost:8000/api/messages,64,0,1
1747423948743,67,HTTP Request,201,Created,Thread Group 1-120,text,true,,509,265,1,1,http://localhost:8000/api/messages,66,0,1
1747423948832,58,HTTP Request,201,Created,Thread Group 1-121,text,true,,532,288,1,1,http://localhost:8000/api/messages,58,0,0
1747423948927,76,HTTP Request,201,Created,Thread Group 1-122,text,true,,480,236,1,1,http://localhost:8000/api/messages,76,0,1
1747423949021,63,HTTP Request,201,Created,Thread Group 1-123,text,true,,482,238,1,1,http://localhost:8000/api/messages,63,0,1
1747423949116,62,HTTP Request,201,Created,Thread Group 1-124,text,true,,498,254,1,1,http://localhost:8000/api/messages,62,0,1
1747423949202,68,HTTP Request,201,Created,Thread Group 1-125,text,true,,485,241,1,1,http://localhost:8000/api/messages,68,0,1
1747423949298,68,HTTP Request,201,Created,Thread Group 1-126,text,true,,477,233,1,1,http://localhost:8000/api/messages,67,0,1
1747423949391,56,HTTP Request,201,Created,Thread Group 1-127,text,true,,487,243,1,1,http://localhost:8000/api/messages,56,0,1
1747423949486,74,HTTP Request,201,Created,Thread Group 1-128,text,true,,477,233,1,1,http://localhost:8000/api/messages,73,0,3
1747423949578,60,HTTP Request,201,Created,Thread Group 1-129,text,true,,477,233,1,1,http://localhost:8000/api/messages,60,0,1
1747423949669,62,HTTP Request,201,Created,Thread Group 1-130,text,true,,486,242,1,1,http://localhost:8000/api/messages,62,0,2
1747423949760,80,HTTP Request,201,Created,Thread Group 1-131,text,true,,486,242,1,1,http://localhost:8000/api/messages,80,0,1
1747423949855,62,HTTP Request,201,Created,Thread Group 1-132,text,true,,490,246,1,1,http://localhost:8000/api/messages,61,0,1
1747423949949,73,HTTP Request,201,Created,Thread Group 1-133,text,true,,500,256,1,1,http://localhost:8000/api/messages,73,0,1
1747423950043,78,HTTP Request,201,Created,Thread Group 1-134,text,true,,474,230,1,1,http://localhost:8000/api/messages,77,0,1
1747423950135,58,HTTP Request,201,Created,Thread Group 1-135,text,true,,495,251,1,1,http://localhost:8000/api/messages,58,0,1
1747423950223,56,HTTP Request,201,Created,Thread Group 1-136,text,true,,477,233,1,1,http://localhost:8000/api/messages,55,0,1
1747423950317,66,HTTP Request,201,Created,Thread Group 1-137,text,true,,512,268,1,1,http://localhost:8000/api/messages,65,0,1
1747423950409,60,HTTP Request,201,Created,Thread Group 1-138,text,true,,482,238,1,1,http://localhost:8000/api/messages,59,0,1
1747423950502,61,HTTP Request,201,Created,Thread Group 1-139,text,true,,490,246,1,1,http://localhost:8000/api/messages,60,0,1
1747423950597,74,HTTP Request,201,Created,Thread Group 1-140,text,true,,492,248,1,1,http://localhost:8000/api/messages,73,0,1
1747423950690,69,HTTP Request,201,Created,Thread Group 1-141,text,true,,540,296,1,1,http://localhost:8000/api/messages,68,0,1
1747423950783,64,HTTP Request,201,Created,Thread Group 1-142,text,true,,500,256,1,1,http://localhost:8000/api/messages,64,0,0
1747423950876,56,HTTP Request,201,Created,Thread Group 1-143,text,true,,485,241,1,1,http://localhost:8000/api/messages,56,0,1
1747423950969,56,HTTP Request,201,Created,Thread Group 1-144,text,true,,490,246,1,1,http://localhost:8000/api/messages,55,0,0
1747423951062,57,HTTP Request,201,Created,Thread Group 1-145,text,true,,480,236,1,1,http://localhost:8000/api/messages,56,0,1
1747423951155,63,HTTP Request,201,Created,Thread Group 1-146,text,true,,478,234,1,1,http://localhost:8000/api/messages,63,0,1
1747423951248,62,HTTP Request,201,Created,Thread Group 1-147,text,true,,514,270,1,1,http://localhost:8000/api/messages,62,0,1
1747423951343,58,HTTP Request,201,Created,Thread Group 1-148,text,true,,489,245,1,1,http://localhost:8000/api/messages,58,0,1
1747423951437,56,HTTP Request,201,Created,Thread Group 1-149,text,true,,476,232,1,1,http://localhost:8000/api/messages,56,0,1
1747423951527,69,HTTP Request,201,Created,Thread Group 1-150,text,true,,489,245,1,1,http://localhost:8000/api/messages,68,0,1
1747423951621,65,HTTP Request,201,Created,Thread Group 1-151,text,true,,530,286,1,1,http://localhost:8000/api/messages,64,0,1
1747423951707,64,HTTP Request,201,Created,Thread Group 1-152,text,true,,490,246,1,1,http://localhost:8000/api/messages,63,0,1
1747423951800,65,HTTP Request,201,Created,Thread Group 1-153,text,true,,482,238,1,1,http://localhost:8000/api/messages,65,0,1
1747423951894,65,HTTP Request,201,Created,Thread Group 1-154,text,true,,477,233,1,1,http://localhost:8000/api/messages,64,0,1
1747423951989,68,HTTP Request,201,Created,Thread Group 1-155,text,true,,477,233,1,1,http://localhost:8000/api/messages,68,0,1
1747423952086,84,HTTP Request,201,Created,Thread Group 1-156,text,true,,485,241,1,1,http://localhost:8000/api/messages,84,0,1
1747423952179,67,HTTP Request,201,Created,Thread Group 1-157,text,true,,477,233,1,1,http://localhost:8000/api/messages,67,0,1
1747423952272,60,HTTP Request,201,Created,Thread Group 1-158,text,true,,495,251,1,1,http://localhost:8000/api/messages,60,0,1
1747423952365,66,HTTP Request,201,Created,Thread Group 1-159,text,true,,539,295,1,1,http://localhost:8000/api/messages,65,0,1
1747423952452,60,HTTP Request,201,Created,Thread Group 1-160,text,true,,499,255,1,1,http://localhost:8000/api/messages,60,0,0
1747423952544,65,HTTP Request,201,Created,Thread Group 1-161,text,true,,484,240,1,1,http://localhost:8000/api/messages,65,0,2
1747423952640,59,HTTP Request,201,Created,Thread Group 1-162,text,true,,495,251,1,1,http://localhost:8000/api/messages,59,0,1
1747423952735,68,HTTP Request,201,Created,Thread Group 1-163,text,true,,512,268,1,1,http://localhost:8000/api/messages,67,0,1
1747423952829,66,HTTP Request,201,Created,Thread Group 1-164,text,true,,539,295,1,1,http://localhost:8000/api/messages,66,0,1
1747423952920,63,HTTP Request,201,Created,Thread Group 1-165,text,true,,494,250,1,1,http://localhost:8000/api/messages,63,0,1
1747423953012,64,HTTP Request,201,Created,Thread Group 1-166,text,true,,485,241,1,1,http://localhost:8000/api/messages,64,0,1
1747423953099,63,HTTP Request,201,Created,Thread Group 1-167,text,true,,481,237,1,1,http://localhost:8000/api/messages,63,0,1
1747423953200,68,HTTP Request,201,Created,Thread Group 1-168,text,true,,501,257,1,1,http://localhost:8000/api/messages,67,0,1
1747423953293,75,HTTP Request,201,Created,Thread Group 1-169,text,true,,477,233,1,1,http://localhost:8000/api/messages,75,0,1
1747423953385,58,HTTP Request,201,Created,Thread Group 1-170,text,true,,481,237,1,1,http://localhost:8000/api/messages,57,0,0
1747423953478,63,HTTP Request,201,Created,Thread Group 1-171,text,true,,495,251,1,1,http://localhost:8000/api/messages,62,0,1
1747423953566,75,HTTP Request,201,Created,Thread Group 1-172,text,true,,481,237,1,1,http://localhost:8000/api/messages,75,0,1
1747423953662,80,HTTP Request,201,Created,Thread Group 1-173,text,true,,477,233,1,1,http://localhost:8000/api/messages,80,0,1
1747423953754,66,HTTP Request,201,Created,Thread Group 1-174,text,true,,505,261,1,1,http://localhost:8000/api/messages,66,0,2
1747423953850,75,HTTP Request,201,Created,Thread Group 1-175,text,true,,518,274,1,1,http://localhost:8000/api/messages,74,0,1
1747423953941,61,HTTP Request,201,Created,Thread Group 1-176,text,true,,480,236,1,1,http://localhost:8000/api/messages,61,0,1
1747423954035,67,HTTP Request,201,Created,Thread Group 1-177,text,true,,491,247,1,1,http://localhost:8000/api/messages,67,0,1
1747423954125,69,HTTP Request,201,Created,Thread Group 1-178,text,true,,477,233,1,1,http://localhost:8000/api/messages,69,0,1
1747423954220,65,HTTP Request,201,Created,Thread Group 1-179,text,true,,477,233,1,1,http://localhost:8000/api/messages,65,0,1
1747423954313,66,HTTP Request,201,Created,Thread Group 1-180,text,true,,488,244,1,1,http://localhost:8000/api/messages,66,0,1
1747423954401,60,HTTP Request,201,Created,Thread Group 1-181,text,true,,494,250,1,1,http://localhost:8000/api/messages,59,0,1
1747423954499,65,HTTP Request,201,Created,Thread Group 1-182,text,true,,499,255,1,1,http://localhost:8000/api/messages,64,0,1
1747423954592,70,HTTP Request,201,Created,Thread Group 1-183,text,true,,481,237,1,1,http://localhost:8000/api/messages,70,0,1
1747423954683,84,HTTP Request,201,Created,Thread Group 1-184,text,true,,477,233,1,1,http://localhost:8000/api/messages,84,0,1
1747423954775,58,HTTP Request,201,Created,Thread Group 1-185,text,true,,537,293,1,1,http://localhost:8000/api/messages,58,0,1
1747423954868,81,HTTP Request,201,Created,Thread Group 1-186,text,true,,477,233,1,1,http://localhost:8000/api/messages,81,0,1
1747423954961,64,HTTP Request,201,Created,Thread Group 1-187,text,true,,484,240,1,1,http://localhost:8000/api/messages,63,0,1
1747423955054,68,HTTP Request,201,Created,Thread Group 1-188,text,true,,511,267,1,1,http://localhost:8000/api/messages,67,0,1
1747423955149,77,HTTP Request,201,Created,Thread Group 1-189,text,true,,531,287,1,1,http://localhost:8000/api/messages,77,0,1
1747423955241,64,HTTP Request,201,Created,Thread Group 1-190,text,true,,499,255,1,1,http://localhost:8000/api/messages,64,0,1
1747423955335,57,HTTP Request,201,Created,Thread Group 1-191,text,true,,511,267,1,1,http://localhost:8000/api/messages,57,0,1
1747423955428,64,HTTP Request,201,Created,Thread Group 1-192,text,true,,503,259,1,1,http://localhost:8000/api/messages,64,0,1
1747423955521,67,HTTP Request,201,Created,Thread Group 1-193,text,true,,488,244,1,1,http://localhost:8000/api/messages,67,0,1
1747423955610,58,HTTP Request,201,Created,Thread Group 1-194,text,true,,477,233,1,1,http://localhost:8000/api/messages,58,0,1
1747423955702,70,HTTP Request,201,Created,Thread Group 1-195,text,true,,477,233,1,1,http://localhost:8000/api/messages,70,0,1
1747423955799,61,HTTP Request,201,Created,Thread Group 1-196,text,true,,494,250,1,1,http://localhost:8000/api/messages,61,0,1
1747423955890,60,HTTP Request,201,Created,Thread Group 1-197,text,true,,524,280,1,1,http://localhost:8000/api/messages,60,0,1
1747423955981,66,HTTP Request,201,Created,Thread Group 1-198,text,true,,479,235,1,1,http://localhost:8000/api/messages,66,0,1
1747423956076,74,HTTP Request,201,Created,Thread Group 1-199,text,true,,521,277,1,1,http://localhost:8000/api/messages,74,0,1
1747423956167,71,HTTP Request,201,Created,Thread Group 1-200,text,true,,477,233,1,1,http://localhost:8000/api/messages,71,0,1
1747423956261,64,HTTP Request,201,Created,Thread Group 1-201,text,true,,487,243,1,1,http://localhost:8000/api/messages,64,0,0
1747423956355,66,HTTP Request,201,Created,Thread Group 1-202,text,true,,489,245,1,1,http://localhost:8000/api/messages,66,0,1
1747423956448,63,HTTP Request,201,Created,Thread Group 1-203,text,true,,517,273,1,1,http://localhost:8000/api/messages,63,0,1
1747423956539,66,HTTP Request,201,Created,Thread Group 1-204,text,true,,509,265,1,1,http://localhost:8000/api/messages,66,0,1
1747423956628,60,HTTP Request,201,Created,Thread Group 1-205,text,true,,492,248,1,1,http://localhost:8000/api/messages,60,0,1
1747423956720,68,HTTP Request,201,Created,Thread Group 1-206,text,true,,475,231,1,1,http://localhost:8000/api/messages,68,0,1
1747423956816,61,HTTP Request,201,Created,Thread Group 1-207,text,true,,477,233,1,1,http://localhost:8000/api/messages,60,0,1
1747423956909,60,HTTP Request,201,Created,Thread Group 1-208,text,true,,479,235,1,1,http://localhost:8000/api/messages,60,0,1
1747423957006,74,HTTP Request,201,Created,Thread Group 1-209,text,true,,516,272,1,1,http://localhost:8000/api/messages,74,0,1
1747423957094,57,HTTP Request,201,Created,Thread Group 1-210,text,true,,490,246,1,1,http://localhost:8000/api/messages,57,0,0
1747423957190,79,HTTP Request,201,Created,Thread Group 1-211,text,true,,484,240,1,1,http://localhost:8000/api/messages,78,0,1
1747423957280,65,HTTP Request,201,Created,Thread Group 1-212,text,true,,509,265,1,1,http://localhost:8000/api/messages,65,0,1
1747423957373,64,HTTP Request,201,Created,Thread Group 1-213,text,true,,497,253,1,1,http://localhost:8000/api/messages,64,0,1
1747423957469,73,HTTP Request,201,Created,Thread Group 1-214,text,true,,488,244,1,1,http://localhost:8000/api/messages,73,0,1
1747423957561,88,HTTP Request,201,Created,Thread Group 1-215,text,true,,477,233,1,1,http://localhost:8000/api/messages,88,0,1
1747423957654,57,HTTP Request,201,Created,Thread Group 1-216,text,true,,479,235,1,1,http://localhost:8000/api/messages,57,0,0
1747423957744,72,HTTP Request,201,Created,Thread Group 1-217,text,true,,478,234,1,1,http://localhost:8000/api/messages,71,0,1
1747423957839,68,HTTP Request,201,Created,Thread Group 1-218,text,true,,477,233,1,1,http://localhost:8000/api/messages,68,0,1
1747423957935,71,HTTP Request,201,Created,Thread Group 1-219,text,true,,489,245,1,1,http://localhost:8000/api/messages,71,0,1
1747423958022,60,HTTP Request,201,Created,Thread Group 1-220,text,true,,494,250,1,1,http://localhost:8000/api/messages,60,0,1
1747423958119,63,HTTP Request,201,Created,Thread Group 1-221,text,true,,482,238,1,1,http://localhost:8000/api/messages,62,0,1
1747423958211,67,HTTP Request,201,Created,Thread Group 1-222,text,true,,505,261,1,1,http://localhost:8000/api/messages,66,0,1
1747423958304,71,HTTP Request,201,Created,Thread Group 1-223,text,true,,481,237,1,1,http://localhost:8000/api/messages,70,0,1
1747423958396,59,HTTP Request,201,Created,Thread Group 1-224,text,true,,481,237,1,1,http://localhost:8000/api/messages,59,0,0
1747423958490,77,HTTP Request,201,Created,Thread Group 1-225,text,true,,505,261,1,1,http://localhost:8000/api/messages,76,0,1
1747423958582,65,HTTP Request,201,Created,Thread Group 1-226,text,true,,517,273,1,1,http://localhost:8000/api/messages,65,0,1
1747423958673,56,HTTP Request,201,Created,Thread Group 1-227,text,true,,477,233,1,1,http://localhost:8000/api/messages,55,0,1
1747423958765,70,HTTP Request,201,Created,Thread Group 1-228,text,true,,478,234,1,1,http://localhost:8000/api/messages,70,0,1
1747423958857,73,HTTP Request,201,Created,Thread Group 1-229,text,true,,477,233,1,1,http://localhost:8000/api/messages,73,0,1
1747423958952,58,HTTP Request,201,Created,Thread Group 1-230,text,true,,476,232,1,1,http://localhost:8000/api/messages,58,0,1
1747423959044,56,HTTP Request,201,Created,Thread Group 1-231,text,true,,479,235,1,1,http://localhost:8000/api/messages,56,0,1
1747423959138,76,HTTP Request,201,Created,Thread Group 1-232,text,true,,477,233,1,1,http://localhost:8000/api/messages,75,0,1
1747423959231,63,HTTP Request,201,Created,Thread Group 1-233,text,true,,477,233,1,1,http://localhost:8000/api/messages,63,0,1
1747423959323,80,HTTP Request,201,Created,Thread Group 1-234,text,true,,481,237,1,1,http://localhost:8000/api/messages,80,0,1
1747423959419,62,HTTP Request,201,Created,Thread Group 1-235,text,true,,476,232,1,1,http://localhost:8000/api/messages,62,0,1
1747423959509,66,HTTP Request,201,Created,Thread Group 1-236,text,true,,476,232,1,1,http://localhost:8000/api/messages,65,0,1
1747423959603,70,HTTP Request,201,Created,Thread Group 1-237,text,true,,477,233,1,1,http://localhost:8000/api/messages,70,0,1
1747423959695,55,HTTP Request,201,Created,Thread Group 1-238,text,true,,481,237,1,1,http://localhost:8000/api/messages,55,0,1
1747423959787,64,HTTP Request,201,Created,Thread Group 1-239,text,true,,477,233,1,1,http://localhost:8000/api/messages,64,0,1
1747423959881,61,HTTP Request,201,Created,Thread Group 1-240,text,true,,479,235,1,1,http://localhost:8000/api/messages,61,0,1
1747423959975,58,HTTP Request,201,Created,Thread Group 1-241,text,true,,481,237,1,1,http://localhost:8000/api/messages,58,0,1
1747423960069,58,HTTP Request,201,Created,Thread Group 1-242,text,true,,494,250,1,1,http://localhost:8000/api/messages,58,0,1
1747423960165,73,HTTP Request,201,Created,Thread Group 1-243,text,true,,476,232,1,1,http://localhost:8000/api/messages,73,0,1
1747423960253,60,HTTP Request,201,Created,Thread Group 1-244,text,true,,481,237,1,1,http://localhost:8000/api/messages,60,0,1
1747423960342,63,HTTP Request,201,Created,Thread Group 1-245,text,true,,482,238,1,1,http://localhost:8000/api/messages,63,0,1
1747423960442,56,HTTP Request,201,Created,Thread Group 1-246,text,true,,494,250,1,1,http://localhost:8000/api/messages,56,0,1
1747423960533,62,HTTP Request,201,Created,Thread Group 1-247,text,true,,488,244,1,1,http://localhost:8000/api/messages,62,0,1
1747423960621,62,HTTP Request,201,Created,Thread Group 1-248,text,true,,489,245,1,1,http://localhost:8000/api/messages,62,0,1
1747423960717,66,HTTP Request,201,Created,Thread Group 1-249,text,true,,481,237,1,1,http://localhost:8000/api/messages,66,0,1
1747423960812,67,HTTP Request,201,Created,Thread Group 1-250,text,true,,477,233,1,1,http://localhost:8000/api/messages,66,0,1
1747423960901,72,HTTP Request,201,Created,Thread Group 1-251,text,true,,477,233,1,1,http://localhost:8000/api/messages,72,0,1
1747423960994,62,HTTP Request,201,Created,Thread Group 1-252,text,true,,497,253,1,1,http://localhost:8000/api/messages,61,0,1
1747423961090,65,HTTP Request,201,Created,Thread Group 1-253,text,true,,475,231,1,1,http://localhost:8000/api/messages,65,0,1
1747423961173,61,HTTP Request,201,Created,Thread Group 1-254,text,true,,481,237,1,1,http://localhost:8000/api/messages,60,0,0
1747423961265,73,HTTP Request,201,Created,Thread Group 1-255,text,true,,482,238,1,1,http://localhost:8000/api/messages,72,0,1
1747423961355,59,HTTP Request,201,Created,Thread Group 1-256,text,true,,488,244,1,1,http://localhost:8000/api/messages,59,0,0
1747423961450,73,HTTP Request,201,Created,Thread Group 1-257,text,true,,524,280,1,1,http://localhost:8000/api/messages,73,0,1
1747423961541,64,HTTP Request,201,Created,Thread Group 1-258,text,true,,481,237,1,1,http://localhost:8000/api/messages,64,0,1
1747423961634,56,HTTP Request,201,Created,Thread Group 1-259,text,true,,476,232,1,1,http://localhost:8000/api/messages,55,0,1
1747423961727,55,HTTP Request,201,Created,Thread Group 1-260,text,true,,481,237,1,1,http://localhost:8000/api/messages,55,0,1
1747423961821,56,HTTP Request,201,Created,Thread Group 1-261,text,true,,477,233,1,1,http://localhost:8000/api/messages,55,0,1
1747423961912,56,HTTP Request,201,Created,Thread Group 1-262,text,true,,480,236,1,1,http://localhost:8000/api/messages,56,0,1
1747423962005,56,HTTP Request,201,Created,Thread Group 1-263,text,true,,491,247,1,1,http://localhost:8000/api/messages,56,0,1
1747423962098,63,HTTP Request,201,Created,Thread Group 1-264,text,true,,487,243,1,1,http://localhost:8000/api/messages,63,0,1
1747423962192,55,HTTP Request,201,Created,Thread Group 1-265,text,true,,477,233,1,1,http://localhost:8000/api/messages,55,0,1
1747423962285,62,HTTP Request,201,Created,Thread Group 1-266,text,true,,491,247,1,1,http://localhost:8000/api/messages,62,0,1
1747423962378,65,HTTP Request,201,Created,Thread Group 1-267,text,true,,481,237,1,1,http://localhost:8000/api/messages,65,0,1
1747423962470,66,HTTP Request,201,Created,Thread Group 1-268,text,true,,479,235,1,1,http://localhost:8000/api/messages,66,0,1
1747423962563,61,HTTP Request,201,Created,Thread Group 1-269,text,true,,475,231,1,1,http://localhost:8000/api/messages,61,0,1
1747423962656,68,HTTP Request,201,Created,Thread Group 1-270,text,true,,474,230,1,1,http://localhost:8000/api/messages,68,0,1
1747423962752,55,HTTP Request,201,Created,Thread Group 1-271,text,true,,476,232,1,1,http://localhost:8000/api/messages,55,0,1
1747423962845,62,HTTP Request,201,Created,Thread Group 1-272,text,true,,488,244,1,1,http://localhost:8000/api/messages,62,0,1
1747423962934,56,HTTP Request,201,Created,Thread Group 1-273,text,true,,481,237,1,1,http://localhost:8000/api/messages,56,0,1
1747423963029,55,HTTP Request,201,Created,Thread Group 1-274,text,true,,489,245,1,1,http://localhost:8000/api/messages,55,0,1
1747423963121,69,HTTP Request,201,Created,Thread Group 1-275,text,true,,481,237,1,1,http://localhost:8000/api/messages,69,0,1
1747423963215,60,HTTP Request,201,Created,Thread Group 1-276,text,true,,480,236,1,1,http://localhost:8000/api/messages,60,0,1
1747423963310,56,HTTP Request,201,Created,Thread Group 1-277,text,true,,501,257,1,1,http://localhost:8000/api/messages,56,0,0
1747423963400,57,HTTP Request,201,Created,Thread Group 1-278,text,true,,476,232,1,1,http://localhost:8000/api/messages,57,0,1
1747423963494,66,HTTP Request,201,Created,Thread Group 1-279,text,true,,479,235,1,1,http://localhost:8000/api/messages,66,0,1
1747423963585,62,HTTP Request,201,Created,Thread Group 1-280,text,true,,499,255,1,1,http://localhost:8000/api/messages,62,0,0
1747423963680,59,HTTP Request,201,Created,Thread Group 1-281,text,true,,488,244,1,1,http://localhost:8000/api/messages,59,0,1
1747423963772,60,HTTP Request,201,Created,Thread Group 1-282,text,true,,487,243,1,1,http://localhost:8000/api/messages,60,0,1
1747423963865,66,HTTP Request,201,Created,Thread Group 1-283,text,true,,494,250,1,1,http://localhost:8000/api/messages,65,0,1
1747423963961,56,HTTP Request,201,Created,Thread Group 1-284,text,true,,481,237,1,1,http://localhost:8000/api/messages,56,0,1
1747423964052,57,HTTP Request,201,Created,Thread Group 1-285,text,true,,475,231,1,1,http://localhost:8000/api/messages,56,0,1
1747423964147,81,HTTP Request,201,Created,Thread Group 1-286,text,true,,481,237,1,1,http://localhost:8000/api/messages,80,0,1
1747423964237,56,HTTP Request,201,Created,Thread Group 1-287,text,true,,494,250,1,1,http://localhost:8000/api/messages,55,0,1
1747423964332,67,HTTP Request,201,Created,Thread Group 1-288,text,true,,491,247,1,1,http://localhost:8000/api/messages,67,0,1
1747423964424,55,HTTP Request,201,Created,Thread Group 1-289,text,true,,476,232,1,1,http://localhost:8000/api/messages,55,0,1
1747423964520,74,HTTP Request,201,Created,Thread Group 1-290,text,true,,481,237,1,1,http://localhost:8000/api/messages,74,0,1
1747423964607,57,HTTP Request,201,Created,Thread Group 1-291,text,true,,475,231,1,1,http://localhost:8000/api/messages,57,0,0
1747423964704,68,HTTP Request,201,Created,Thread Group 1-292,text,true,,480,236,1,1,http://localhost:8000/api/messages,68,0,1
1747423964794,57,HTTP Request,201,Created,Thread Group 1-293,text,true,,480,236,1,1,http://localhost:8000/api/messages,57,0,0
1747423964887,63,HTTP Request,201,Created,Thread Group 1-294,text,true,,475,231,1,1,http://localhost:8000/api/messages,63,0,0
1747423964984,60,HTTP Request,201,Created,Thread Group 1-295,text,true,,481,237,1,1,http://localhost:8000/api/messages,60,0,1
1747423965071,67,HTTP Request,201,Created,Thread Group 1-296,text,true,,483,239,1,1,http://localhost:8000/api/messages,67,0,1
1747423965169,68,HTTP Request,201,Created,Thread Group 1-297,text,true,,482,238,1,1,http://localhost:8000/api/messages,67,0,0
1747423965257,59,HTTP Request,201,Created,Thread Group 1-298,text,true,,481,237,1,1,http://localhost:8000/api/messages,59,0,1
1747423965351,59,HTTP Request,201,Created,Thread Group 1-299,text,true,,542,298,1,1,http://localhost:8000/api/messages,58,0,1
1747423965448,67,HTTP Request,201,Created,Thread Group 1-300,text,true,,477,233,1,1,http://localhost:8000/api/messages,67,0,1
1747423965540,60,HTTP Request,201,Created,Thread Group 1-301,text,true,,477,233,1,1,http://localhost:8000/api/messages,60,0,1
1747423965632,68,HTTP Request,201,Created,Thread Group 1-302,text,true,,481,237,1,1,http://localhost:8000/api/messages,68,0,1
1747423965722,64,HTTP Request,201,Created,Thread Group 1-303,text,true,,483,239,1,1,http://localhost:8000/api/messages,63,0,1
1747423965815,61,HTTP Request,201,Created,Thread Group 1-304,text,true,,481,237,1,1,http://localhost:8000/api/messages,61,0,1
1747423965909,77,HTTP Request,201,Created,Thread Group 1-305,text,true,,476,232,1,1,http://localhost:8000/api/messages,76,0,1
1747423966004,60,HTTP Request,201,Created,Thread Group 1-306,text,true,,484,240,1,1,http://localhost:8000/api/messages,59,0,1
1747423966096,60,HTTP Request,201,Created,Thread Group 1-307,text,true,,493,249,1,1,http://localhost:8000/api/messages,60,0,0
1747423966187,78,HTTP Request,201,Created,Thread Group 1-308,text,true,,483,239,1,1,http://localhost:8000/api/messages,77,0,1
1747423966279,58,HTTP Request,201,Created,Thread Group 1-309,text,true,,476,232,1,1,http://localhost:8000/api/messages,58,0,1
1747423966376,58,HTTP Request,201,Created,Thread Group 1-310,text,true,,477,233,1,1,http://localhost:8000/api/messages,58,0,1
1747423966465,64,HTTP Request,201,Created,Thread Group 1-311,text,true,,475,231,1,1,http://localhost:8000/api/messages,64,0,1
1747423966559,78,HTTP Request,201,Created,Thread Group 1-312,text,true,,486,242,1,1,http://localhost:8000/api/messages,78,0,1
1747423966651,58,HTTP Request,201,Created,Thread Group 1-313,text,true,,480,236,1,1,http://localhost:8000/api/messages,57,0,1
1747423966746,67,HTTP Request,201,Created,Thread Group 1-314,text,true,,485,241,1,1,http://localhost:8000/api/messages,67,0,1
1747423966838,58,HTTP Request,201,Created,Thread Group 1-315,text,true,,482,238,1,1,http://localhost:8000/api/messages,58,0,1
1747423966930,69,HTTP Request,201,Created,Thread Group 1-316,text,true,,477,233,1,1,http://localhost:8000/api/messages,69,0,1
1747423967022,61,HTTP Request,201,Created,Thread Group 1-317,text,true,,481,237,1,1,http://localhost:8000/api/messages,61,0,1
1747423967116,53,HTTP Request,201,Created,Thread Group 1-318,text,true,,477,233,1,1,http://localhost:8000/api/messages,53,0,0
1747423967209,65,HTTP Request,201,Created,Thread Group 1-319,text,true,,485,241,1,1,http://localhost:8000/api/messages,65,0,1
1747423967304,58,HTTP Request,201,Created,Thread Group 1-320,text,true,,491,247,1,1,http://localhost:8000/api/messages,58,0,1
1747423967397,83,HTTP Request,201,Created,Thread Group 1-321,text,true,,496,252,1,1,http://localhost:8000/api/messages,83,0,1
1747423967488,53,HTTP Request,201,Created,Thread Group 1-322,text,true,,483,239,1,1,http://localhost:8000/api/messages,53,0,0
1747423967583,66,HTTP Request,201,Created,Thread Group 1-323,text,true,,482,238,1,1,http://localhost:8000/api/messages,66,0,1
1747423967674,60,HTTP Request,201,Created,Thread Group 1-324,text,true,,483,239,1,1,http://localhost:8000/api/messages,59,0,1
1747423967767,64,HTTP Request,201,Created,Thread Group 1-325,text,true,,475,231,1,1,http://localhost:8000/api/messages,64,0,1
1747423967859,72,HTTP Request,201,Created,Thread Group 1-326,text,true,,478,234,1,1,http://localhost:8000/api/messages,71,0,1
1747423967952,62,HTTP Request,201,Created,Thread Group 1-327,text,true,,475,231,1,1,http://localhost:8000/api/messages,61,0,1
1747423968047,63,HTTP Request,201,Created,Thread Group 1-328,text,true,,481,237,1,1,http://localhost:8000/api/messages,63,0,0
1747423968140,60,HTTP Request,201,Created,Thread Group 1-329,text,true,,477,233,1,1,http://localhost:8000/api/messages,60,0,0
1747423968233,58,HTTP Request,201,Created,Thread Group 1-330,text,true,,475,231,1,1,http://localhost:8000/api/messages,57,0,1
1747423968324,60,HTTP Request,201,Created,Thread Group 1-331,text,true,,481,237,1,1,http://localhost:8000/api/messages,59,0,1
1747423968417,66,HTTP Request,201,Created,Thread Group 1-332,text,true,,487,243,1,1,http://localhost:8000/api/messages,65,0,1
1747423968512,72,HTTP Request,201,Created,Thread Group 1-333,text,true,,485,241,1,1,http://localhost:8000/api/messages,72,0,1
1747423968601,71,HTTP Request,201,Created,Thread Group 1-334,text,true,,488,244,1,1,http://localhost:8000/api/messages,71,0,1
1747423968697,58,HTTP Request,201,Created,Thread Group 1-335,text,true,,481,237,1,1,http://localhost:8000/api/messages,58,0,1
1747423968791,63,HTTP Request,201,Created,Thread Group 1-336,text,true,,481,237,1,1,http://localhost:8000/api/messages,63,0,0
1747423968881,62,HTTP Request,201,Created,Thread Group 1-337,text,true,,486,242,1,1,http://localhost:8000/api/messages,61,0,1
1747423968973,57,HTTP Request,201,Created,Thread Group 1-338,text,true,,491,247,1,1,http://localhost:8000/api/messages,56,0,0
1747423969069,72,HTTP Request,201,Created,Thread Group 1-339,text,true,,481,237,1,1,http://localhost:8000/api/messages,72,0,1
1747423969158,56,HTTP Request,201,Created,Thread Group 1-340,text,true,,478,234,1,1,http://localhost:8000/api/messages,56,0,0
1747423969252,58,HTTP Request,201,Created,Thread Group 1-341,text,true,,481,237,1,1,http://localhost:8000/api/messages,58,0,1
1747423969345,56,HTTP Request,201,Created,Thread Group 1-342,text,true,,477,233,1,1,http://localhost:8000/api/messages,56,0,1
1747423969441,55,HTTP Request,201,Created,Thread Group 1-343,text,true,,475,231,1,1,http://localhost:8000/api/messages,55,0,1
1747423969533,65,HTTP Request,201,Created,Thread Group 1-344,text,true,,480,236,1,1,http://localhost:8000/api/messages,65,0,1
1747423969628,66,HTTP Request,201,Created,Thread Group 1-345,text,true,,499,255,1,1,http://localhost:8000/api/messages,66,0,1
1747423969717,63,HTTP Request,201,Created,Thread Group 1-346,text,true,,498,254,1,1,http://localhost:8000/api/messages,63,0,1
1747423969811,57,HTTP Request,201,Created,Thread Group 1-347,text,true,,479,235,1,1,http://localhost:8000/api/messages,57,0,1
1747423969907,65,HTTP Request,201,Created,Thread Group 1-348,text,true,,487,243,1,1,http://localhost:8000/api/messages,65,0,1
1747423969996,57,HTTP Request,201,Created,Thread Group 1-349,text,true,,486,242,1,1,http://localhost:8000/api/messages,57,0,1
1747423970090,55,HTTP Request,201,Created,Thread Group 1-350,text,true,,478,234,1,1,http://localhost:8000/api/messages,55,0,1
1747423970186,56,HTTP Request,201,Created,Thread Group 1-351,text,true,,480,236,1,1,http://localhost:8000/api/messages,55,0,0
1747423970276,57,HTTP Request,201,Created,Thread Group 1-352,text,true,,478,234,1,1,http://localhost:8000/api/messages,57,0,1
1747423970371,61,HTTP Request,201,Created,Thread Group 1-353,text,true,,497,253,1,1,http://localhost:8000/api/messages,61,0,1
1747423970461,70,HTTP Request,201,Created,Thread Group 1-354,text,true,,477,233,1,1,http://localhost:8000/api/messages,69,0,1
1747423970557,79,HTTP Request,201,Created,Thread Group 1-355,text,true,,488,244,1,1,http://localhost:8000/api/messages,78,0,1
1747423970646,51,HTTP Request,201,Created,Thread Group 1-356,text,true,,481,237,1,1,http://localhost:8000/api/messages,51,0,0
1747423970739,66,HTTP Request,201,Created,Thread Group 1-357,text,true,,483,239,1,1,http://localhost:8000/api/messages,66,0,2
1747423970833,77,HTTP Request,201,Created,Thread Group 1-358,text,true,,478,234,1,1,http://localhost:8000/api/messages,77,0,1
1747423970926,55,HTTP Request,201,Created,Thread Group 1-359,text,true,,493,249,1,1,http://localhost:8000/api/messages,55,0,1
1747423971017,55,HTTP Request,201,Created,Thread Group 1-360,text,true,,478,234,1,1,http://localhost:8000/api/messages,55,0,0
1747423971111,64,HTTP Request,201,Created,Thread Group 1-361,text,true,,500,256,1,1,http://localhost:8000/api/messages,63,0,1
1747423971206,60,HTTP Request,201,Created,Thread Group 1-362,text,true,,487,243,1,1,http://localhost:8000/api/messages,60,0,1
1747423971299,56,HTTP Request,201,Created,Thread Group 1-363,text,true,,483,239,1,1,http://localhost:8000/api/messages,56,0,1
1747423971390,58,HTTP Request,201,Created,Thread Group 1-364,text,true,,487,243,1,1,http://localhost:8000/api/messages,58,0,1
1747423971481,59,HTTP Request,201,Created,Thread Group 1-365,text,true,,478,234,1,1,http://localhost:8000/api/messages,58,0,1
1747423971575,56,HTTP Request,201,Created,Thread Group 1-366,text,true,,489,245,1,1,http://localhost:8000/api/messages,56,0,0
1747423971670,71,HTTP Request,201,Created,Thread Group 1-367,text,true,,483,239,1,1,http://localhost:8000/api/messages,71,0,1
1747423971764,70,HTTP Request,201,Created,Thread Group 1-368,text,true,,489,245,1,1,http://localhost:8000/api/messages,70,0,1
1747423971859,63,HTTP Request,201,Created,Thread Group 1-369,text,true,,481,237,1,1,http://localhost:8000/api/messages,63,0,0
1747423971949,59,HTTP Request,201,Created,Thread Group 1-370,text,true,,476,232,1,1,http://localhost:8000/api/messages,59,0,0
1747423972038,64,HTTP Request,201,Created,Thread Group 1-371,text,true,,478,234,1,1,http://localhost:8000/api/messages,64,0,1
1747423972130,57,HTTP Request,201,Created,Thread Group 1-372,text,true,,480,236,1,1,http://localhost:8000/api/messages,57,0,1
1747423972227,68,HTTP Request,201,Created,Thread Group 1-373,text,true,,492,248,1,1,http://localhost:8000/api/messages,68,0,1
1747423972318,58,HTTP Request,201,Created,Thread Group 1-374,text,true,,478,234,1,1,http://localhost:8000/api/messages,58,0,1
1747423972412,57,HTTP Request,201,Created,Thread Group 1-375,text,true,,497,253,1,1,http://localhost:8000/api/messages,57,0,0
1747423972506,64,HTTP Request,201,Created,Thread Group 1-376,text,true,,478,234,1,1,http://localhost:8000/api/messages,64,0,1
1747423972600,64,HTTP Request,201,Created,Thread Group 1-377,text,true,,493,249,1,1,http://localhost:8000/api/messages,64,0,1
1747423972689,66,HTTP Request,201,Created,Thread Group 1-378,text,true,,491,247,1,1,http://localhost:8000/api/messages,66,0,1
1747423972787,60,HTTP Request,201,Created,Thread Group 1-379,text,true,,478,234,1,1,http://localhost:8000/api/messages,60,0,0
1747423972878,56,HTTP Request,201,Created,Thread Group 1-380,text,true,,484,240,1,1,http://localhost:8000/api/messages,56,0,0
1747423972966,57,HTTP Request,201,Created,Thread Group 1-381,text,true,,484,240,1,1,http://localhost:8000/api/messages,57,0,1
1747423973065,72,HTTP Request,201,Created,Thread Group 1-382,text,true,,482,238,1,1,http://localhost:8000/api/messages,72,0,1
1747423973157,60,HTTP Request,201,Created,Thread Group 1-383,text,true,,491,247,1,1,http://localhost:8000/api/messages,60,0,1
1747423973249,69,HTTP Request,201,Created,Thread Group 1-384,text,true,,484,240,1,1,http://localhost:8000/api/messages,69,0,2
1747423973343,59,HTTP Request,201,Created,Thread Group 1-385,text,true,,486,242,1,1,http://localhost:8000/api/messages,59,0,0
1747423973435,67,HTTP Request,201,Created,Thread Group 1-386,text,true,,483,239,1,1,http://localhost:8000/api/messages,67,0,1
1747423973530,65,HTTP Request,201,Created,Thread Group 1-387,text,true,,479,235,1,1,http://localhost:8000/api/messages,64,0,1
1747423973621,71,HTTP Request,201,Created,Thread Group 1-388,text,true,,478,234,1,1,http://localhost:8000/api/messages,71,0,1
1747423973715,66,HTTP Request,201,Created,Thread Group 1-389,text,true,,478,234,1,1,http://localhost:8000/api/messages,66,0,1
1747423973806,73,HTTP Request,201,Created,Thread Group 1-390,text,true,,497,253,1,1,http://localhost:8000/api/messages,73,0,0
1747423973897,70,HTTP Request,201,Created,Thread Group 1-391,text,true,,476,232,1,1,http://localhost:8000/api/messages,69,0,1
1747423973990,78,HTTP Request,201,Created,Thread Group 1-392,text,true,,492,248,1,1,http://localhost:8000/api/messages,78,0,1
1747423974084,55,HTTP Request,201,Created,Thread Group 1-393,text,true,,484,240,1,1,http://localhost:8000/api/messages,54,0,0
1747423974173,76,HTTP Request,201,Created,Thread Group 1-394,text,true,,489,245,1,1,http://localhost:8000/api/messages,76,0,1
1747423974268,66,HTTP Request,201,Created,Thread Group 1-395,text,true,,499,255,1,1,http://localhost:8000/api/messages,66,0,0
1747423974360,60,HTTP Request,201,Created,Thread Group 1-396,text,true,,478,234,1,1,http://localhost:8000/api/messages,59,0,1
1747423974457,80,HTTP Request,201,Created,Thread Group 1-397,text,true,,482,238,1,1,http://localhost:8000/api/messages,79,0,1
1747423974544,63,HTTP Request,201,Created,Thread Group 1-398,text,true,,503,259,1,1,http://localhost:8000/api/messages,63,0,1
1747423974639,57,HTTP Request,201,Created,Thread Group 1-399,text,true,,476,232,1,1,http://localhost:8000/api/messages,57,0,1
1747423974734,58,HTTP Request,201,Created,Thread Group 1-400,text,true,,478,234,1,1,http://localhost:8000/api/messages,58,0,0
1747423974827,67,HTTP Request,201,Created,Thread Group 1-401,text,true,,485,241,1,1,http://localhost:8000/api/messages,67,0,1
1747423974921,59,HTTP Request,201,Created,Thread Group 1-402,text,true,,491,247,1,1,http://localhost:8000/api/messages,59,0,0
1747423975014,65,HTTP Request,201,Created,Thread Group 1-403,text,true,,478,234,1,1,http://localhost:8000/api/messages,64,0,1
1747423975105,62,HTTP Request,201,Created,Thread Group 1-404,text,true,,476,232,1,1,http://localhost:8000/api/messages,62,0,0
1747423975197,60,HTTP Request,201,Created,Thread Group 1-405,text,true,,494,250,1,1,http://localhost:8000/api/messages,60,0,1
1747423975287,62,HTTP Request,201,Created,Thread Group 1-406,text,true,,475,231,1,1,http://localhost:8000/api/messages,62,0,1
1747423975381,63,HTTP Request,201,Created,Thread Group 1-407,text,true,,478,234,1,1,http://localhost:8000/api/messages,62,0,1
1747423975478,58,HTTP Request,201,Created,Thread Group 1-408,text,true,,478,234,1,1,http://localhost:8000/api/messages,58,0,1
1747423975567,68,HTTP Request,201,Created,Thread Group 1-409,text,true,,478,234,1,1,http://localhost:8000/api/messages,68,0,1
1747423975661,73,HTTP Request,201,Created,Thread Group 1-410,text,true,,488,244,1,1,http://localhost:8000/api/messages,73,0,2
1747423975754,71,HTTP Request,201,Created,Thread Group 1-411,text,true,,476,232,1,1,http://localhost:8000/api/messages,71,0,1
1747423975846,66,HTTP Request,201,Created,Thread Group 1-412,text,true,,484,240,1,1,http://localhost:8000/api/messages,66,0,1
1747423975939,67,HTTP Request,201,Created,Thread Group 1-413,text,true,,475,231,1,1,http://localhost:8000/api/messages,67,0,1
1747423976032,78,HTTP Request,201,Created,Thread Group 1-414,text,true,,486,242,1,1,http://localhost:8000/api/messages,77,0,1
1747423976124,60,HTTP Request,201,Created,Thread Group 1-415,text,true,,478,234,1,1,http://localhost:8000/api/messages,60,0,1
1747423976220,66,HTTP Request,201,Created,Thread Group 1-416,text,true,,478,234,1,1,http://localhost:8000/api/messages,66,0,1
1747423976311,82,HTTP Request,201,Created,Thread Group 1-417,text,true,,491,247,1,1,http://localhost:8000/api/messages,82,0,1
1747423976404,54,HTTP Request,201,Created,Thread Group 1-418,text,true,,483,239,1,1,http://localhost:8000/api/messages,54,0,0
1747423976498,72,HTTP Request,201,Created,Thread Group 1-419,text,true,,477,233,1,1,http://localhost:8000/api/messages,72,0,0
1747423976592,70,HTTP Request,201,Created,Thread Group 1-420,text,true,,482,238,1,1,http://localhost:8000/api/messages,69,0,0
1747423976686,70,HTTP Request,201,Created,Thread Group 1-421,text,true,,498,254,1,1,http://localhost:8000/api/messages,69,0,1
1747423976775,68,HTTP Request,201,Created,Thread Group 1-422,text,true,,485,241,1,1,http://localhost:8000/api/messages,68,0,1
1747423976868,69,HTTP Request,201,Created,Thread Group 1-423,text,true,,478,234,1,1,http://localhost:8000/api/messages,69,0,1
1747423976962,62,HTTP Request,201,Created,Thread Group 1-424,text,true,,478,234,1,1,http://localhost:8000/api/messages,62,0,1
1747423977056,63,HTTP Request,201,Created,Thread Group 1-425,text,true,,481,237,1,1,http://localhost:8000/api/messages,63,0,1
1747423977147,71,HTTP Request,201,Created,Thread Group 1-426,text,true,,581,338,1,1,http://localhost:8000/api/messages,70,0,1
1747423977243,60,HTTP Request,201,Created,Thread Group 1-427,text,true,,478,234,1,1,http://localhost:8000/api/messages,59,0,1
1747423977337,61,HTTP Request,201,Created,Thread Group 1-428,text,true,,478,234,1,1,http://localhost:8000/api/messages,61,0,1
1747423977425,64,HTTP Request,201,Created,Thread Group 1-429,text,true,,478,234,1,1,http://localhost:8000/api/messages,64,0,1
1747423977519,56,HTTP Request,201,Created,Thread Group 1-430,text,true,,479,235,1,1,http://localhost:8000/api/messages,56,0,0
1747423977615,73,HTTP Request,201,Created,Thread Group 1-431,text,true,,486,242,1,1,http://localhost:8000/api/messages,72,0,1
1747423977703,52,HTTP Request,201,Created,Thread Group 1-432,text,true,,478,234,1,1,http://localhost:8000/api/messages,52,0,1
1747423977799,49,HTTP Request,201,Created,Thread Group 1-433,text,true,,482,238,1,1,http://localhost:8000/api/messages,49,0,0
1747423977892,50,HTTP Request,201,Created,Thread Group 1-434,text,true,,478,234,1,1,http://localhost:8000/api/messages,50,0,0
1747423977982,59,HTTP Request,201,Created,Thread Group 1-435,text,true,,480,236,1,1,http://localhost:8000/api/messages,58,0,0
1747423978077,60,HTTP Request,201,Created,Thread Group 1-436,text,true,,490,246,1,1,http://localhost:8000/api/messages,59,0,1
1747423978170,65,HTTP Request,201,Created,Thread Group 1-437,text,true,,488,244,1,1,http://localhost:8000/api/messages,65,0,1
1747423978266,78,HTTP Request,201,Created,Thread Group 1-438,text,true,,476,232,1,1,http://localhost:8000/api/messages,78,0,0
1747423978354,66,HTTP Request,201,Created,Thread Group 1-439,text,true,,478,234,1,1,http://localhost:8000/api/messages,66,0,1
1747423978450,70,HTTP Request,201,Created,Thread Group 1-440,text,true,,481,237,1,1,http://localhost:8000/api/messages,69,0,1
1747423978539,61,HTTP Request,201,Created,Thread Group 1-441,text,true,,481,237,1,1,http://localhost:8000/api/messages,60,0,1
1747423978636,64,HTTP Request,201,Created,Thread Group 1-442,text,true,,505,261,1,1,http://localhost:8000/api/messages,64,0,1
1747423978728,63,HTTP Request,201,Created,Thread Group 1-443,text,true,,487,243,1,1,http://localhost:8000/api/messages,63,0,1
1747423978821,68,HTTP Request,201,Created,Thread Group 1-444,text,true,,477,233,1,1,http://localhost:8000/api/messages,67,0,1
1747423978917,60,HTTP Request,201,Created,Thread Group 1-445,text,true,,489,245,1,1,http://localhost:8000/api/messages,60,0,1
1747423979008,78,HTTP Request,201,Created,Thread Group 1-446,text,true,,476,232,1,1,http://localhost:8000/api/messages,78,0,1
1747423979098,55,HTTP Request,201,Created,Thread Group 1-447,text,true,,478,234,1,1,http://localhost:8000/api/messages,55,0,0
1747423979192,57,HTTP Request,201,Created,Thread Group 1-448,text,true,,478,234,1,1,http://localhost:8000/api/messages,57,0,1
1747423979283,61,HTTP Request,201,Created,Thread Group 1-449,text,true,,478,234,1,1,http://localhost:8000/api/messages,61,0,0
1747423979377,79,HTTP Request,201,Created,Thread Group 1-450,text,true,,484,240,1,1,http://localhost:8000/api/messages,79,0,1
1747423979469,59,HTTP Request,201,Created,Thread Group 1-451,text,true,,501,257,1,1,http://localhost:8000/api/messages,59,0,0
1747423979566,73,HTTP Request,201,Created,Thread Group 1-452,text,true,,485,241,1,1,http://localhost:8000/api/messages,73,0,1
1747423979657,58,HTTP Request,201,Created,Thread Group 1-453,text,true,,488,244,1,1,http://localhost:8000/api/messages,58,0,0
1747423979753,68,HTTP Request,201,Created,Thread Group 1-454,text,true,,492,248,1,1,http://localhost:8000/api/messages,67,0,1
1747423979840,61,HTTP Request,201,Created,Thread Group 1-455,text,true,,484,240,1,1,http://localhost:8000/api/messages,61,0,0
1747423979937,77,HTTP Request,201,Created,Thread Group 1-456,text,true,,478,234,1,1,http://localhost:8000/api/messages,77,0,1
1747423980033,64,HTTP Request,201,Created,Thread Group 1-457,text,true,,484,240,1,1,http://localhost:8000/api/messages,64,0,0
1747423980124,63,HTTP Request,201,Created,Thread Group 1-458,text,true,,478,234,1,1,http://localhost:8000/api/messages,62,0,1
1747423980213,82,HTTP Request,201,Created,Thread Group 1-459,text,true,,485,241,1,1,http://localhost:8000/api/messages,81,0,1
1747423980306,57,HTTP Request,201,Created,Thread Group 1-460,text,true,,478,234,1,1,http://localhost:8000/api/messages,57,0,0
1747423980401,70,HTTP Request,201,Created,Thread Group 1-461,text,true,,478,234,1,1,http://localhost:8000/api/messages,70,0,0
1747423980496,67,HTTP Request,201,Created,Thread Group 1-462,text,true,,478,234,1,1,http://localhost:8000/api/messages,67,0,1
1747423980590,60,HTTP Request,201,Created,Thread Group 1-463,text,true,,517,273,1,1,http://localhost:8000/api/messages,60,0,1
1747423980683,63,HTTP Request,201,Created,Thread Group 1-464,text,true,,497,253,1,1,http://localhost:8000/api/messages,63,0,1
1747423980775,56,HTTP Request,201,Created,Thread Group 1-465,text,true,,475,231,1,1,http://localhost:8000/api/messages,55,0,1
1747423980868,70,HTTP Request,201,Created,Thread Group 1-466,text,true,,665,421,1,1,http://localhost:8000/api/messages,69,0,0
1747423980955,68,HTTP Request,201,Created,Thread Group 1-467,text,true,,492,248,1,1,http://localhost:8000/api/messages,67,0,1
1747423981049,63,HTTP Request,201,Created,Thread Group 1-468,text,true,,488,244,1,1,http://localhost:8000/api/messages,63,0,0
1747423981147,66,HTTP Request,201,Created,Thread Group 1-469,text,true,,478,234,1,1,http://localhost:8000/api/messages,66,0,0
1747423981241,83,HTTP Request,201,Created,Thread Group 1-470,text,true,,507,263,1,1,http://localhost:8000/api/messages,83,0,1
1747423981329,60,HTTP Request,201,Created,Thread Group 1-471,text,true,,478,234,1,1,http://localhost:8000/api/messages,60,0,0
1747423981422,66,HTTP Request,201,Created,Thread Group 1-472,text,true,,478,234,1,1,http://localhost:8000/api/messages,65,0,1
1747423981519,78,HTTP Request,201,Created,Thread Group 1-473,text,true,,502,258,1,1,http://localhost:8000/api/messages,78,0,0
1747423981608,55,HTTP Request,201,Created,Thread Group 1-474,text,true,,478,234,1,1,http://localhost:8000/api/messages,55,0,0
1747423981698,76,HTTP Request,201,Created,Thread Group 1-475,text,true,,506,262,1,1,http://localhost:8000/api/messages,76,0,0
1747423981791,62,HTTP Request,201,Created,Thread Group 1-476,text,true,,475,231,1,1,http://localhost:8000/api/messages,61,0,1
1747423981886,70,HTTP Request,201,Created,Thread Group 1-477,text,true,,478,234,1,1,http://localhost:8000/api/messages,69,0,1
1747423981978,72,HTTP Request,201,Created,Thread Group 1-478,text,true,,478,234,1,1,http://localhost:8000/api/messages,72,0,1
1747423982070,70,HTTP Request,201,Created,Thread Group 1-479,text,true,,480,236,1,1,http://localhost:8000/api/messages,70,0,1
1747423982163,65,HTTP Request,201,Created,Thread Group 1-480,text,true,,482,238,1,1,http://localhost:8000/api/messages,64,0,1
1747423982258,59,HTTP Request,201,Created,Thread Group 1-481,text,true,,478,234,1,1,http://localhost:8000/api/messages,59,0,0
1747423982355,69,HTTP Request,201,Created,Thread Group 1-482,text,true,,484,240,1,1,http://localhost:8000/api/messages,68,0,1
1747423982448,84,HTTP Request,201,Created,Thread Group 1-483,text,true,,477,233,1,1,http://localhost:8000/api/messages,84,0,1
1747423982536,58,HTTP Request,201,Created,Thread Group 1-484,text,true,,478,234,1,1,http://localhost:8000/api/messages,58,0,0
1747423982631,76,HTTP Request,201,Created,Thread Group 1-485,text,true,,490,246,1,1,http://localhost:8000/api/messages,76,0,1
1747423982723,57,HTTP Request,201,Created,Thread Group 1-486,text,true,,481,237,1,1,http://localhost:8000/api/messages,56,0,0
1747423982817,66,HTTP Request,201,Created,Thread Group 1-487,text,true,,508,264,1,1,http://localhost:8000/api/messages,66,0,1
1747423982909,59,HTTP Request,201,Created,Thread Group 1-488,text,true,,493,249,1,1,http://localhost:8000/api/messages,59,0,1
1747423983003,65,HTTP Request,201,Created,Thread Group 1-489,text,true,,490,246,1,1,http://localhost:8000/api/messages,64,0,1
1747423983094,53,HTTP Request,201,Created,Thread Group 1-490,text,true,,478,234,1,1,http://localhost:8000/api/messages,53,0,0
1747423983185,64,HTTP Request,201,Created,Thread Group 1-491,text,true,,475,231,1,1,http://localhost:8000/api/messages,64,0,1
1747423983281,60,HTTP Request,201,Created,Thread Group 1-492,text,true,,477,233,1,1,http://localhost:8000/api/messages,59,0,0
1747423983371,57,HTTP Request,201,Created,Thread Group 1-493,text,true,,480,236,1,1,http://localhost:8000/api/messages,57,0,1
1747423983469,56,HTTP Request,201,Created,Thread Group 1-494,text,true,,478,234,1,1,http://localhost:8000/api/messages,56,0,1
1747423983560,64,HTTP Request,201,Created,Thread Group 1-495,text,true,,481,237,1,1,http://localhost:8000/api/messages,63,0,1
1747423983650,61,HTTP Request,201,Created,Thread Group 1-496,text,true,,506,262,1,1,http://localhost:8000/api/messages,61,0,1
1747423983744,55,HTTP Request,201,Created,Thread Group 1-497,text,true,,478,234,1,1,http://localhost:8000/api/messages,55,0,1
1747423983839,61,HTTP Request,201,Created,Thread Group 1-498,text,true,,477,233,1,1,http://localhost:8000/api/messages,61,0,1
1747423983931,68,HTTP Request,201,Created,Thread Group 1-499,text,true,,478,234,1,1,http://localhost:8000/api/messages,68,0,1
1747423984025,60,HTTP Request,201,Created,Thread Group 1-500,text,true,,483,239,1,1,http://localhost:8000/api/messages,60,0,1
1747423984114,59,HTTP Request,201,Created,Thread Group 1-501,text,true,,492,248,1,1,http://localhost:8000/api/messages,58,0,1
1747423984209,64,HTTP Request,201,Created,Thread Group 1-502,text,true,,478,234,1,1,http://localhost:8000/api/messages,64,0,1
1747423984303,62,HTTP Request,201,Created,Thread Group 1-503,text,true,,494,250,1,1,http://localhost:8000/api/messages,61,0,0
1747423984397,65,HTTP Request,201,Created,Thread Group 1-504,text,true,,488,244,1,1,http://localhost:8000/api/messages,64,0,1
1747423984488,52,HTTP Request,201,Created,Thread Group 1-505,text,true,,484,240,1,1,http://localhost:8000/api/messages,52,0,0
1747423984578,71,HTTP Request,201,Created,Thread Group 1-506,text,true,,499,255,1,1,http://localhost:8000/api/messages,70,0,1
1747423984673,75,HTTP Request,201,Created,Thread Group 1-507,text,true,,481,237,1,1,http://localhost:8000/api/messages,74,0,1
1747423984766,59,HTTP Request,201,Created,Thread Group 1-508,text,true,,478,234,1,1,http://localhost:8000/api/messages,59,0,1
1747423984858,62,HTTP Request,201,Created,Thread Group 1-509,text,true,,478,234,1,1,http://localhost:8000/api/messages,62,0,0
1747423984955,76,HTTP Request,201,Created,Thread Group 1-510,text,true,,481,237,1,1,http://localhost:8000/api/messages,76,0,1
1747423985047,53,HTTP Request,201,Created,Thread Group 1-511,text,true,,478,234,1,1,http://localhost:8000/api/messages,53,0,0
1747423985139,66,HTTP Request,201,Created,Thread Group 1-512,text,true,,493,249,1,1,http://localhost:8000/api/messages,66,0,2
1747423985235,61,HTTP Request,201,Created,Thread Group 1-513,text,true,,483,239,1,1,http://localhost:8000/api/messages,61,0,1
1747423985325,62,HTTP Request,201,Created,Thread Group 1-514,text,true,,484,240,1,1,http://localhost:8000/api/messages,62,0,0
1747423985417,61,HTTP Request,201,Created,Thread Group 1-515,text,true,,546,302,1,1,http://localhost:8000/api/messages,61,0,1
1747423985510,60,HTTP Request,201,Created,Thread Group 1-516,text,true,,611,368,1,1,http://localhost:8000/api/messages,60,0,1
1747423985602,57,HTTP Request,201,Created,Thread Group 1-517,text,true,,478,234,1,1,http://localhost:8000/api/messages,57,0,1
1747423985694,69,HTTP Request,201,Created,Thread Group 1-518,text,true,,483,239,1,1,http://localhost:8000/api/messages,69,0,1
1747423985790,61,HTTP Request,201,Created,Thread Group 1-519,text,true,,484,240,1,1,http://localhost:8000/api/messages,60,0,1
1747423985881,65,HTTP Request,201,Created,Thread Group 1-520,text,true,,478,234,1,1,http://localhost:8000/api/messages,65,0,0
1747423985977,65,HTTP Request,201,Created,Thread Group 1-521,text,true,,477,233,1,1,http://localhost:8000/api/messages,65,0,1
1747423986068,65,HTTP Request,201,Created,Thread Group 1-522,text,true,,480,236,1,1,http://localhost:8000/api/messages,65,0,1
1747423986157,58,HTTP Request,201,Created,Thread Group 1-523,text,true,,478,234,1,1,http://localhost:8000/api/messages,57,0,1
1747423986252,71,HTTP Request,201,Created,Thread Group 1-524,text,true,,510,266,1,1,http://localhost:8000/api/messages,71,0,1
1747423986345,58,HTTP Request,201,Created,Thread Group 1-525,text,true,,482,238,1,1,http://localhost:8000/api/messages,58,0,0
1747423986439,57,HTTP Request,201,Created,Thread Group 1-526,text,true,,491,247,1,1,http://localhost:8000/api/messages,57,0,1
1747423986528,53,HTTP Request,201,Created,Thread Group 1-527,text,true,,478,234,1,1,http://localhost:8000/api/messages,52,0,0
1747423986622,70,HTTP Request,201,Created,Thread Group 1-528,text,true,,515,271,1,1,http://localhost:8000/api/messages,69,0,1
1747423986719,56,HTTP Request,201,Created,Thread Group 1-529,text,true,,491,247,1,1,http://localhost:8000/api/messages,56,0,1
1747423986812,61,HTTP Request,201,Created,Thread Group 1-530,text,true,,482,238,1,1,http://localhost:8000/api/messages,60,0,0
1747423986903,63,HTTP Request,201,Created,Thread Group 1-531,text,true,,478,234,1,1,http://localhost:8000/api/messages,63,0,1
1747423986997,67,HTTP Request,201,Created,Thread Group 1-532,text,true,,510,266,1,1,http://localhost:8000/api/messages,67,0,1
1747423987092,55,HTTP Request,201,Created,Thread Group 1-533,text,true,,476,232,1,1,http://localhost:8000/api/messages,55,0,1
1747423987183,63,HTTP Request,201,Created,Thread Group 1-534,text,true,,477,233,1,1,http://localhost:8000/api/messages,63,0,1
1747423987275,55,HTTP Request,201,Created,Thread Group 1-535,text,true,,478,234,1,1,http://localhost:8000/api/messages,55,0,1
1747423987369,66,HTTP Request,201,Created,Thread Group 1-536,text,true,,495,251,1,1,http://localhost:8000/api/messages,66,0,1
1747423987462,71,HTTP Request,201,Created,Thread Group 1-537,text,true,,482,238,1,1,http://localhost:8000/api/messages,71,0,1
1747423987552,62,HTTP Request,201,Created,Thread Group 1-538,text,true,,478,234,1,1,http://localhost:8000/api/messages,61,0,1
1747423987648,64,HTTP Request,201,Created,Thread Group 1-539,text,true,,488,244,1,1,http://localhost:8000/api/messages,64,0,0
1747423987741,61,HTTP Request,201,Created,Thread Group 1-540,text,true,,479,235,1,1,http://localhost:8000/api/messages,61,0,0
1747423987834,59,HTTP Request,201,Created,Thread Group 1-541,text,true,,478,234,1,1,http://localhost:8000/api/messages,59,0,1
1747423987924,53,HTTP Request,201,Created,Thread Group 1-542,text,true,,478,234,1,1,http://localhost:8000/api/messages,53,0,1
1747423988018,70,HTTP Request,201,Created,Thread Group 1-543,text,true,,477,233,1,1,http://localhost:8000/api/messages,70,0,1
1747423988112,58,HTTP Request,201,Created,Thread Group 1-544,text,true,,478,234,1,1,http://localhost:8000/api/messages,58,0,1
1747423988205,64,HTTP Request,201,Created,Thread Group 1-545,text,true,,483,239,1,1,http://localhost:8000/api/messages,64,0,1
1747423988298,63,HTTP Request,201,Created,Thread Group 1-546,text,true,,478,234,1,1,http://localhost:8000/api/messages,63,0,0
1747423988387,64,HTTP Request,201,Created,Thread Group 1-547,text,true,,487,243,1,1,http://localhost:8000/api/messages,64,0,1
1747423988487,61,HTTP Request,201,Created,Thread Group 1-548,text,true,,484,240,1,1,http://localhost:8000/api/messages,61,0,1
1747423988575,77,HTTP Request,201,Created,Thread Group 1-549,text,true,,481,237,1,1,http://localhost:8000/api/messages,76,0,1
1747423988670,68,HTTP Request,201,Created,Thread Group 1-550,text,true,,480,236,1,1,http://localhost:8000/api/messages,68,0,1
1747423988762,58,HTTP Request,201,Created,Thread Group 1-551,text,true,,484,240,1,1,http://localhost:8000/api/messages,57,0,1
1747423988852,64,HTTP Request,201,Created,Thread Group 1-552,text,true,,482,238,1,1,http://localhost:8000/api/messages,64,0,1
1747423988948,66,HTTP Request,201,Created,Thread Group 1-553,text,true,,478,234,1,1,http://localhost:8000/api/messages,66,0,1
1747423989042,64,HTTP Request,201,Created,Thread Group 1-554,text,true,,478,234,1,1,http://localhost:8000/api/messages,64,0,0
1747423989133,60,HTTP Request,201,Created,Thread Group 1-555,text,true,,475,231,1,1,http://localhost:8000/api/messages,59,0,1
1747423989225,60,HTTP Request,201,Created,Thread Group 1-556,text,true,,508,264,1,1,http://localhost:8000/api/messages,60,0,1
1747423989321,65,HTTP Request,201,Created,Thread Group 1-557,text,true,,483,239,1,1,http://localhost:8000/api/messages,64,0,1
1747423989411,62,HTTP Request,201,Created,Thread Group 1-558,text,true,,475,231,1,1,http://localhost:8000/api/messages,61,0,1
1747423989505,64,HTTP Request,201,Created,Thread Group 1-559,text,true,,485,241,1,1,http://localhost:8000/api/messages,64,0,1
1747423989599,56,HTTP Request,201,Created,Thread Group 1-560,text,true,,494,250,1,1,http://localhost:8000/api/messages,55,0,1
1747423989687,58,HTTP Request,201,Created,Thread Group 1-561,text,true,,483,239,1,1,http://localhost:8000/api/messages,58,0,1
1747423989781,62,HTTP Request,201,Created,Thread Group 1-562,text,true,,485,241,1,1,http://localhost:8000/api/messages,62,0,1
1747423989876,62,HTTP Request,201,Created,Thread Group 1-563,text,true,,486,242,1,1,http://localhost:8000/api/messages,61,0,1
1747423989970,64,HTTP Request,201,Created,Thread Group 1-564,text,true,,478,234,1,1,http://localhost:8000/api/messages,64,0,1
1747423990061,55,HTTP Request,201,Created,Thread Group 1-565,text,true,,487,243,1,1,http://localhost:8000/api/messages,55,0,0
1747423990156,63,HTTP Request,201,Created,Thread Group 1-566,text,true,,476,232,1,1,http://localhost:8000/api/messages,63,0,1
1747423990247,56,HTTP Request,201,Created,Thread Group 1-567,text,true,,520,276,1,1,http://localhost:8000/api/messages,55,0,1
1747423990338,55,HTTP Request,201,Created,Thread Group 1-568,text,true,,499,255,1,1,http://localhost:8000/api/messages,55,0,0
1747423990432,63,HTTP Request,201,Created,Thread Group 1-569,text,true,,484,240,1,1,http://localhost:8000/api/messages,62,0,1
1747423990524,73,HTTP Request,201,Created,Thread Group 1-570,text,true,,478,234,1,1,http://localhost:8000/api/messages,73,0,1
1747423990620,66,HTTP Request,201,Created,Thread Group 1-571,text,true,,481,237,1,1,http://localhost:8000/api/messages,65,0,1
1747423990713,67,HTTP Request,201,Created,Thread Group 1-572,text,true,,481,237,1,1,http://localhost:8000/api/messages,67,0,1
1747423990800,65,HTTP Request,201,Created,Thread Group 1-573,text,true,,486,242,1,1,http://localhost:8000/api/messages,65,0,1
1747423990896,64,HTTP Request,201,Created,Thread Group 1-574,text,true,,477,233,1,1,http://localhost:8000/api/messages,64,0,1
1747423990991,68,HTTP Request,201,Created,Thread Group 1-575,text,true,,493,249,1,1,http://localhost:8000/api/messages,68,0,1
1747423991085,68,HTTP Request,201,Created,Thread Group 1-576,text,true,,477,233,1,1,http://localhost:8000/api/messages,67,0,0
1747423991177,76,HTTP Request,201,Created,Thread Group 1-577,text,true,,475,231,1,1,http://localhost:8000/api/messages,76,0,1
1747423991269,70,HTTP Request,201,Created,Thread Group 1-578,text,true,,478,234,1,1,http://localhost:8000/api/messages,70,0,1
1747423991364,77,HTTP Request,201,Created,Thread Group 1-579,text,true,,488,244,1,1,http://localhost:8000/api/messages,77,0,0
1747423991456,63,HTTP Request,201,Created,Thread Group 1-580,text,true,,491,247,1,1,http://localhost:8000/api/messages,62,0,1
1747423991550,66,HTTP Request,201,Created,Thread Group 1-581,text,true,,485,241,1,1,http://localhost:8000/api/messages,65,0,1
1747423991643,60,HTTP Request,201,Created,Thread Group 1-582,text,true,,511,267,1,1,http://localhost:8000/api/messages,60,0,1
1747423991732,59,HTTP Request,201,Created,Thread Group 1-583,text,true,,484,240,1,1,http://localhost:8000/api/messages,58,0,1
1747423991824,67,HTTP Request,201,Created,Thread Group 1-584,text,true,,489,245,1,1,http://localhost:8000/api/messages,67,0,1
1747423991918,62,HTTP Request,201,Created,Thread Group 1-585,text,true,,484,240,1,1,http://localhost:8000/api/messages,62,0,1
1747423992009,70,HTTP Request,201,Created,Thread Group 1-586,text,true,,484,240,1,1,http://localhost:8000/api/messages,69,0,1
1747423992104,60,HTTP Request,201,Created,Thread Group 1-587,text,true,,475,231,1,1,http://localhost:8000/api/messages,59,0,0
1747423992197,66,HTTP Request,201,Created,Thread Group 1-588,text,true,,481,237,1,1,http://localhost:8000/api/messages,66,0,1
1747423992293,76,HTTP Request,201,Created,Thread Group 1-589,text,true,,481,237,1,1,http://localhost:8000/api/messages,76,0,1
1747423992386,57,HTTP Request,201,Created,Thread Group 1-590,text,true,,482,238,1,1,http://localhost:8000/api/messages,57,0,0
1747423992474,63,HTTP Request,201,Created,Thread Group 1-591,text,true,,501,257,1,1,http://localhost:8000/api/messages,62,0,0
1747423992566,66,HTTP Request,201,Created,Thread Group 1-592,text,true,,478,234,1,1,http://localhost:8000/api/messages,65,0,1
1747423992665,64,HTTP Request,201,Created,Thread Group 1-593,text,true,,477,233,1,1,http://localhost:8000/api/messages,64,0,1
1747423992757,64,HTTP Request,201,Created,Thread Group 1-594,text,true,,494,250,1,1,http://localhost:8000/api/messages,63,0,1
1747423992847,74,HTTP Request,201,Created,Thread Group 1-595,text,true,,478,234,1,1,http://localhost:8000/api/messages,73,0,1
1747423992943,60,HTTP Request,201,Created,Thread Group 1-596,text,true,,475,231,1,1,http://localhost:8000/api/messages,60,0,1
1747423993035,66,HTTP Request,201,Created,Thread Group 1-597,text,true,,485,241,1,1,http://localhost:8000/api/messages,66,0,1
1747423993130,65,HTTP Request,201,Created,Thread Group 1-598,text,true,,478,234,1,1,http://localhost:8000/api/messages,65,0,1
1747423993218,70,HTTP Request,201,Created,Thread Group 1-599,text,true,,491,247,1,1,http://localhost:8000/api/messages,70,0,1
1747423993315,60,HTTP Request,201,Created,Thread Group 1-600,text,true,,484,240,1,1,http://localhost:8000/api/messages,60,0,1
1747423993407,66,HTTP Request,201,Created,Thread Group 1-601,text,true,,481,237,1,1,http://localhost:8000/api/messages,65,0,1
1747423993502,75,HTTP Request,201,Created,Thread Group 1-602,text,true,,482,238,1,1,http://localhost:8000/api/messages,75,0,0
1747423993594,62,HTTP Request,201,Created,Thread Group 1-603,text,true,,477,233,1,1,http://localhost:8000/api/messages,62,0,0
1747423993688,60,HTTP Request,201,Created,Thread Group 1-604,text,true,,495,251,1,1,http://localhost:8000/api/messages,60,0,0
1747423993780,75,HTTP Request,201,Created,Thread Group 1-605,text,true,,475,231,1,1,http://localhost:8000/api/messages,75,0,1
1747423993869,69,HTTP Request,201,Created,Thread Group 1-606,text,true,,481,237,1,1,http://localhost:8000/api/messages,68,0,0
1747423993962,73,HTTP Request,201,Created,Thread Group 1-607,text,true,,478,234,1,1,http://localhost:8000/api/messages,73,0,1
1747423994056,63,HTTP Request,201,Created,Thread Group 1-608,text,true,,475,231,1,1,http://localhost:8000/api/messages,63,0,1
1747423994150,68,HTTP Request,201,Created,Thread Group 1-609,text,true,,477,233,1,1,http://localhost:8000/api/messages,68,0,0
1747423994241,61,HTTP Request,201,Created,Thread Group 1-610,text,true,,491,247,1,1,http://localhost:8000/api/messages,60,0,1
1747423994340,68,HTTP Request,201,Created,Thread Group 1-611,text,true,,478,234,1,1,http://localhost:8000/api/messages,68,0,0
1747423994428,62,HTTP Request,201,Created,Thread Group 1-612,text,true,,490,246,1,1,http://localhost:8000/api/messages,62,0,1
1747423994520,60,HTTP Request,201,Created,Thread Group 1-613,text,true,,495,251,1,1,http://localhost:8000/api/messages,60,0,1
1747423994617,64,HTTP Request,201,Created,Thread Group 1-614,text,true,,484,240,1,1,http://localhost:8000/api/messages,64,0,0
1747423994709,67,HTTP Request,201,Created,Thread Group 1-615,text,true,,481,237,1,1,http://localhost:8000/api/messages,67,0,1
1747423994800,58,HTTP Request,201,Created,Thread Group 1-616,text,true,,480,236,1,1,http://localhost:8000/api/messages,58,0,1
1747423994892,68,HTTP Request,201,Created,Thread Group 1-617,text,true,,505,261,1,1,http://localhost:8000/api/messages,68,0,1
1747423994984,77,HTTP Request,201,Created,Thread Group 1-618,text,true,,478,234,1,1,http://localhost:8000/api/messages,76,0,1
1747423995082,84,HTTP Request,201,Created,Thread Group 1-619,text,true,,484,240,1,1,http://localhost:8000/api/messages,82,0,1
1747423995172,69,HTTP Request,201,Created,Thread Group 1-620,text,true,,478,234,1,1,http://localhost:8000/api/messages,69,0,1
1747423995266,63,HTTP Request,201,Created,Thread Group 1-621,text,true,,478,234,1,1,http://localhost:8000/api/messages,63,0,1
1747423995359,62,HTTP Request,201,Created,Thread Group 1-622,text,true,,489,245,1,1,http://localhost:8000/api/messages,62,0,1
1747423995450,66,HTTP Request,201,Created,Thread Group 1-623,text,true,,487,243,1,1,http://localhost:8000/api/messages,66,0,0
1747423995546,66,HTTP Request,201,Created,Thread Group 1-624,text,true,,477,233,1,1,http://localhost:8000/api/messages,66,0,1
1747423995638,64,HTTP Request,201,Created,Thread Group 1-625,text,true,,485,241,1,1,http://localhost:8000/api/messages,63,0,1
1747423995729,63,HTTP Request,201,Created,Thread Group 1-626,text,true,,481,237,1,1,http://localhost:8000/api/messages,63,0,1
1747423995820,67,HTTP Request,201,Created,Thread Group 1-627,text,true,,503,259,1,1,http://localhost:8000/api/messages,66,0,1
1747423995918,74,HTTP Request,201,Created,Thread Group 1-628,text,true,,493,249,1,1,http://localhost:8000/api/messages,74,0,1
1747423996007,66,HTTP Request,201,Created,Thread Group 1-629,text,true,,488,244,1,1,http://localhost:8000/api/messages,66,0,1
1747423996104,79,HTTP Request,201,Created,Thread Group 1-630,text,true,,483,239,1,1,http://localhost:8000/api/messages,79,0,1
1747423996191,66,HTTP Request,201,Created,Thread Group 1-631,text,true,,477,233,1,1,http://localhost:8000/api/messages,66,0,1
1747423996289,68,HTTP Request,201,Created,Thread Group 1-632,text,true,,474,230,1,1,http://localhost:8000/api/messages,67,0,1
1747423996379,64,HTTP Request,201,Created,Thread Group 1-633,text,true,,588,345,1,1,http://localhost:8000/api/messages,64,0,0
1747423996472,67,HTTP Request,201,Created,Thread Group 1-634,text,true,,489,245,1,1,http://localhost:8000/api/messages,67,0,1
1747423996568,63,HTTP Request,201,Created,Thread Group 1-635,text,true,,494,250,1,1,http://localhost:8000/api/messages,62,0,1
1747423996657,63,HTTP Request,201,Created,Thread Group 1-636,text,true,,487,243,1,1,http://localhost:8000/api/messages,63,0,1
1747423996751,65,HTTP Request,201,Created,Thread Group 1-637,text,true,,487,243,1,1,http://localhost:8000/api/messages,65,0,0
1747423996845,65,HTTP Request,201,Created,Thread Group 1-638,text,true,,477,233,1,1,http://localhost:8000/api/messages,65,0,1
1747423996936,68,HTTP Request,201,Created,Thread Group 1-639,text,true,,494,250,1,1,http://localhost:8000/api/messages,68,0,0
1747423997029,65,HTTP Request,201,Created,Thread Group 1-640,text,true,,480,236,1,1,http://localhost:8000/api/messages,64,0,1
1747423997120,69,HTTP Request,201,Created,Thread Group 1-641,text,true,,548,304,1,1,http://localhost:8000/api/messages,69,0,1
1747423997214,73,HTTP Request,201,Created,Thread Group 1-642,text,true,,483,239,1,1,http://localhost:8000/api/messages,73,0,1
1747423997311,74,HTTP Request,201,Created,Thread Group 1-643,text,true,,500,256,1,1,http://localhost:8000/api/messages,74,0,1
